external_id,course,unit,topic,learning_target,standard,pool,type,stem,stimulus_ref,stimulus_text,stimulus_image_url,stimulus_video_url,option_a,option_b,option_c,option_d,option_e,option_f,correct,tolerance,tolerance_mode,points,difficulty,bloom,grading,explanation,image_url,video_url,tags
PS-U2-EQ4-001,Physical Science A,,Element symbols,U2.LT2,,,fill_blank,Write the chemical symbol for Rubidium.,,,,,,,,,,,Rb,,,1,1,remember,auto,"Rubidium is Rb, element number 37 on the periodic table.",,,"elements,periodic table,symbols"
PS-U2-EQ4-002,Physical Science A,,Element symbols,U2.LT2,,,fill_blank,Write the full name of the element with the symbol Ca.,,,,,,,,,,,Calcium,,,1,1,remember,auto,"Calcium is Ca, element number 20 on the periodic table.",,,"elements,periodic table,symbols"
PS-U2-EQ4-003,Physical Science A,,Element symbols,U2.LT2,,,fill_blank,Write the chemical symbol for Silver.,,,,,,,,,,,Ag,,,1,1,remember,auto,"Silver is Ag, element number 47 on the periodic table.",,,"elements,periodic table,symbols"
PS-U2-EQ4-004,Physical Science A,,Element symbols,U2.LT2,,,fill_blank,Write the full name of the element with the symbol Co.,,,,,,,,,,,Cobalt,,,1,1,remember,auto,"Cobalt is Co, element number 27 on the periodic table.",,,"elements,periodic table,symbols"
PS-U2-EQ4-005,Physical Science A,,Element symbols,U2.LT2,,,fill_blank,Write the chemical symbol for Silicon.,,,,,,,,,,,Si,,,1,1,remember,auto,"Silicon is Si, element number 14 on the periodic table.",,,"elements,periodic table,symbols"
PS-U2-EQ4-006,Physical Science A,,Element symbols,U2.LT2,,,fill_blank,Write the full name of the element with the symbol Sr.,,,,,,,,,,,Strontium,,,1,1,remember,auto,"Strontium is Sr, element number 38 on the periodic table.",,,"elements,periodic table,symbols"
PS-U2-EQ4-007,Physical Science A,,Element symbols,U2.LT2,,,fill_blank,Write the chemical symbol for Tin.,,,,,,,,,,,Sn,,,1,1,remember,auto,"Tin is Sn, element number 50 on the periodic table.",,,"elements,periodic table,symbols"
PS-U2-EQ4-008,Physical Science A,,Element symbols,U2.LT2,,,fill_blank,Write the full name of the element with the symbol I.,,,,,,,,,,,Iodine,,,1,1,remember,auto,"Iodine is I, element number 53 on the periodic table.",,,"elements,periodic table,symbols"
PS-U2-EQ4-009,Physical Science A,,Element symbols,U2.LT2,,,fill_blank,Write the chemical symbol for Neon.,,,,,,,,,,,Ne,,,1,1,remember,auto,"Neon is Ne, element number 10 on the periodic table.",,,"elements,periodic table,symbols"
PS-U2-EQ4-010,Physical Science A,,Element symbols,U2.LT2,,,fill_blank,Write the full name of the element with the symbol H.,,,,,,,,,,,Hydrogen,,,1,1,remember,auto,"Hydrogen is H, element number 1 on the periodic table.",,,"elements,periodic table,symbols"
PS-U2-EQ4-011,Physical Science A,,Element symbols,U2.LT2,,,fill_blank,(Bonus) Write the full name of the element with the symbol Cd.,,,,,,,,,,,Cadmium,,,0,1,remember,auto,"Cadmium is Cd, element number 48 on the periodic table.",,,"elements,periodic table,symbols"
PS-U2-EQ4-012,Physical Science A,,Element symbols,U2.LT2,,,fill_blank,(Bonus) Write the chemical symbol for Palladium.,,,,,,,,,,,Pd,,,0,1,remember,auto,"Palladium is Pd, element number 46 on the periodic table.",,,"elements,periodic table,symbols"
