external_id,course,unit,topic,learning_target,standard,pool,type,stem,stimulus_ref,stimulus_text,stimulus_image_url,stimulus_video_url,option_a,option_b,option_c,option_d,option_e,option_f,correct,tolerance,tolerance_mode,points,difficulty,bloom,grading,explanation,image_url,video_url,tags
ANAT-SKIN-001,Anatomy and Physiology,Unit 2,Integumentary system,U2,,,multiple_choice,Name this layer.,,,,,Stratum spinosum,Stratum granulosum,Stratum corneum,Stratum lucidum,,,c,,,1,2,remember,auto,"The arrow points to the outermost layer of flattened, dead, keratin-filled cells: the stratum corneum.",/quiz-images/anatomy-u2-lab-quiz-integumentary/skin_q1.png,,"integumentary,skin lab"
ANAT-SKIN-002,Anatomy and Physiology,Unit 2,Integumentary system,U2,,,multiple_choice,Name the structure.,,,,,Arrector pili,sudoriferous gland,sebaceous gland,Pacinian corpuscle,,,c,,,1,2,remember,auto,"The lobed, pale gland opening into the hair follicle is a sebaceous (oil) gland.",/quiz-images/anatomy-u2-lab-quiz-integumentary/skin_q2.png,,"integumentary,skin lab"
ANAT-SKIN-003,Anatomy and Physiology,Unit 2,Integumentary system,U2,,,multiple_choice,Name the structure.,,,,,Epidermal ridges,Pacinian corpuscle,Meissner's corpuscle,sudoriferous gland,,,c,,,1,2,remember,auto,"The small oval body just under the epidermis in a dermal papilla is a Meissner's corpuscle, a light-touch receptor.",/quiz-images/anatomy-u2-lab-quiz-integumentary/skin_q3.png,,"integumentary,skin lab"
ANAT-SKIN-004,Anatomy and Physiology,Unit 2,Integumentary system,U2,,,multiple_choice,Name this structure.,,,,,arrector pili,sebaceous gland,sudoriferous gland,hair root,,,a,,,1,2,remember,auto,The band of smooth muscle attached to the hair follicle is the arrector pili; it pulls the hair upright (goose bumps).,/quiz-images/anatomy-u2-lab-quiz-integumentary/skin_q4.png,,"integumentary,skin lab"
ANAT-SKIN-005,Anatomy and Physiology,Unit 2,Integumentary system,U2,,,multiple_choice,"If you pricked your fingertip with a needle, the first layer of the epidermis that it would penetrate is the:",,,,,Stratum corneum,Stratum spinosum,Stratum lucidum,Stratum basale,,,a,,,1,2,remember,auto,"The stratum corneum is the outermost layer, so it is the first layer anything touches.",,,"integumentary,skin lab"
ANAT-SKIN-006,Anatomy and Physiology,Unit 2,Integumentary system,U2,,,multiple_choice,What layer of skin is present in thick skin but NOT in thin skin?,,,,,Stratum granulosum,Stratum corneum,Stratum lucidum,Stratum spinosum,,,c,,,1,2,remember,auto,The stratum lucidum is a clear layer found only in thick skin (palms and soles).,,,"integumentary,skin lab"
ANAT-SKIN-007,Anatomy and Physiology,Unit 2,Integumentary system,U2,,,true_false,Thick skin contains more layers than thin skin.,,,,,,,,,,,true,,,1,2,remember,auto,"Thick skin has five epidermal layers; thin skin lacks the stratum lucidum, so it has four.",,,"integumentary,skin lab"
ANAT-SKIN-008,Anatomy and Physiology,Unit 2,Integumentary system,U2,,,multiple_choice,What layer of the epidermis do we shed on a daily basis?,,,,,Stratum basale,Stratum granulosum,Stratum corneum,Stratum spinosum,,,c,,,1,2,remember,auto,Dead cells of the stratum corneum flake off continuously and are replaced from below.,,,"integumentary,skin lab"
ANAT-SKIN-009,Anatomy and Physiology,Unit 2,Integumentary system,U2,,,multiple_choice,What layer of skin acts as a water-repellent?,,,,,Stratum granulosum,Stratum lucidum,Stratum spinosum,Stratum basale,,,a,,,1,2,remember,auto,Cells of the stratum granulosum release lipids that waterproof the skin.,,,"integumentary,skin lab"
ANAT-SKIN-010,Anatomy and Physiology,Unit 2,Integumentary system,U2,,,multiple_choice,What is the portion called that surrounds the hair root?,,,,,shaft,hair follicle,Pacinian Corpuscle,Meissner Corpuscle,,,b,,,1,2,remember,auto,The hair follicle is the sheath of epithelium and connective tissue that surrounds the hair root.,,,"integumentary,skin lab"
